threshold,tp,fn,fp,tn,precision,recall,f1,accuracy,letter
0.1,139,3,46,87,0.7513513513513513,0.9788732394366197,0.8501529051987767,0.8218181818181818,a
0.15000000000000002,139,3,44,89,0.7595628415300546,0.9788732394366197,0.8553846153846154,0.8290909090909091,a
0.20000000000000004,139,3,41,92,0.7722222222222223,0.9788732394366197,0.8633540372670807,0.84,a
0.25000000000000006,139,3,37,96,0.7897727272727273,0.9788732394366197,0.8742138364779874,0.8545454545454545,a
0.30000000000000004,138,4,33,100,0.8070175438596491,0.971830985915493,0.8817891373801917,0.8654545454545455,a
0.3500000000000001,138,4,29,104,0.8263473053892215,0.971830985915493,0.8932038834951456,0.88,a
0.40000000000000013,138,4,26,107,0.8414634146341463,0.971830985915493,0.9019607843137255,0.8909090909090909,a
0.45000000000000007,138,4,21,112,0.8679245283018868,0.971830985915493,0.9169435215946844,0.9090909090909091,a
0.5000000000000001,137,5,19,114,0.8782051282051282,0.9647887323943662,0.9194630872483222,0.9127272727272727,a
0.5500000000000002,137,5,16,117,0.8954248366013072,0.9647887323943662,0.9288135593220339,0.9236363636363636,a
0.6000000000000002,132,10,9,124,0.9361702127659575,0.9295774647887324,0.9328621908127208,0.9309090909090909,a
0.6500000000000001,132,10,8,125,0.9428571428571428,0.9295774647887324,0.9361702127659575,0.9345454545454546,a
0.7000000000000002,131,11,7,126,0.9492753623188406,0.9225352112676056,0.9357142857142856,0.9345454545454546,a
0.7500000000000002,127,15,5,128,0.9621212121212122,0.8943661971830986,0.927007299270073,0.9272727272727272,a
0.8000000000000002,122,20,3,130,0.976,0.8591549295774648,0.9138576779026216,0.9163636363636364,a
0.8500000000000002,110,32,3,130,0.9734513274336283,0.7746478873239436,0.8627450980392156,0.8727272727272727,a
0.9000000000000002,79,63,2,131,0.9753086419753086,0.5563380281690141,0.7085201793721974,0.7636363636363637,a
0.9500000000000003,24,118,0,133,1.0,0.16901408450704225,0.2891566265060241,0.5709090909090909,a
0.1,65,1,22,48,0.7471264367816092,0.9848484848484849,0.8496732026143791,0.8308823529411765,b
0.15000000000000002,65,1,22,48,0.7471264367816092,0.9848484848484849,0.8496732026143791,0.8308823529411765,b
0.20000000000000004,65,1,22,48,0.7471264367816092,0.9848484848484849,0.8496732026143791,0.8308823529411765,b
0.25000000000000006,65,1,21,49,0.7558139534883721,0.9848484848484849,0.8552631578947368,0.8382352941176471,b
0.30000000000000004,65,1,20,50,0.7647058823529411,0.9848484848484849,0.8609271523178808,0.8455882352941176,b
0.3500000000000001,65,1,20,50,0.7647058823529411,0.9848484848484849,0.8609271523178808,0.8455882352941176,b
0.40000000000000013,65,1,18,52,0.7831325301204819,0.9848484848484849,0.87248322147651,0.8602941176470589,b
0.45000000000000007,65,1,17,53,0.7926829268292683,0.9848484848484849,0.8783783783783784,0.8676470588235294,b
0.5000000000000001,65,1,14,56,0.8227848101265823,0.9848484848484849,0.896551724137931,0.8897058823529411,b
0.5500000000000002,65,1,14,56,0.8227848101265823,0.9848484848484849,0.896551724137931,0.8897058823529411,b
0.6000000000000002,64,2,9,61,0.8767123287671232,0.9696969696969697,0.920863309352518,0.9191176470588235,b
0.6500000000000001,64,2,6,64,0.9142857142857143,0.9696969696969697,0.9411764705882354,0.9411764705882353,b
0.7000000000000002,63,3,2,68,0.9692307692307692,0.9545454545454546,0.9618320610687022,0.9632352941176471,b
0.7500000000000002,61,5,2,68,0.9682539682539683,0.9242424242424242,0.9457364341085271,0.9485294117647058,b
0.8000000000000002,59,7,1,69,0.9833333333333333,0.8939393939393939,0.9365079365079364,0.9411764705882353,b
0.8500000000000002,53,13,1,69,0.9814814814814815,0.803030303030303,0.8833333333333332,0.8970588235294118,b
0.9000000000000002,41,25,0,70,1.0,0.6212121212121212,0.766355140186916,0.8161764705882353,b
0.9500000000000003,0,66,0,70,0.0,0.0,0.0,0.5147058823529411,b
0.1,272,2,42,185,0.8662420382165605,0.9927007299270073,0.9251700680272109,0.9121756487025948,c
0.15000000000000002,271,3,41,186,0.8685897435897436,0.9890510948905109,0.9249146757679181,0.9121756487025948,c
0.20000000000000004,270,4,34,193,0.8881578947368421,0.9854014598540146,0.9342560553633217,0.9241516966067864,c
0.25000000000000006,270,4,32,195,0.8940397350993378,0.9854014598540146,0.9374999999999999,0.9281437125748503,c
0.30000000000000004,269,5,27,200,0.9087837837837838,0.9817518248175182,0.943859649122807,0.936127744510978,c
0.3500000000000001,269,5,17,210,0.9405594405594405,0.9817518248175182,0.9607142857142856,0.9560878243512974,c
0.40000000000000013,268,6,13,214,0.9537366548042705,0.9781021897810219,0.9657657657657659,0.9620758483033932,c
0.45000000000000007,263,11,9,218,0.9669117647058824,0.9598540145985401,0.9633699633699634,0.9600798403193613,c
0.5000000000000001,262,12,8,219,0.9703703703703703,0.9562043795620438,0.9632352941176471,0.9600798403193613,c
0.5500000000000002,261,13,8,219,0.9702602230483272,0.9525547445255474,0.9613259668508287,0.9580838323353293,c
0.6000000000000002,261,13,6,221,0.9775280898876404,0.9525547445255474,0.964879852125693,0.9620758483033932,c
0.6500000000000001,258,16,4,223,0.9847328244274809,0.9416058394160584,0.9626865671641791,0.9600798403193613,c
0.7000000000000002,256,18,4,223,0.9846153846153847,0.9343065693430657,0.9588014981273408,0.9560878243512974,c
0.7500000000000002,255,19,4,223,0.9845559845559846,0.9306569343065694,0.9568480300187617,0.9540918163672655,c
0.8000000000000002,253,21,3,224,0.98828125,0.9233576642335767,0.9547169811320754,0.9520958083832335,c
0.8500000000000002,249,25,3,224,0.9880952380952381,0.9087591240875912,0.9467680608365019,0.9441117764471058,c
0.9000000000000002,243,31,3,224,0.9878048780487805,0.8868613138686131,0.9346153846153846,0.9321357285429142,c
0.9500000000000003,218,56,0,227,1.0,0.7956204379562044,0.8861788617886179,0.8882235528942116,c
0.1,239,3,24,121,0.908745247148289,0.987603305785124,0.9465346534653466,0.9302325581395349,d
0.15000000000000002,239,3,23,122,0.9122137404580153,0.987603305785124,0.9484126984126985,0.9328165374677002,d
0.20000000000000004,238,4,23,122,0.9118773946360154,0.9834710743801653,0.9463220675944334,0.9302325581395349,d
0.25000000000000006,237,5,23,122,0.9115384615384615,0.9793388429752066,0.944223107569721,0.9276485788113695,d
0.30000000000000004,236,6,23,122,0.9111969111969112,0.9752066115702479,0.9421157684630739,0.9250645994832042,d
0.3500000000000001,236,6,22,123,0.9147286821705426,0.9752066115702479,0.944,0.9276485788113695,d
0.40000000000000013,235,7,22,123,0.914396887159533,0.9710743801652892,0.9418837675350702,0.9250645994832042,d
0.45000000000000007,235,7,22,123,0.914396887159533,0.9710743801652892,0.9418837675350702,0.9250645994832042,d
0.5000000000000001,234,8,22,123,0.9140625,0.9669421487603306,0.9397590361445782,0.9224806201550387,d
0.5500000000000002,232,10,22,123,0.9133858267716536,0.9586776859504132,0.935483870967742,0.917312661498708,d
0.6000000000000002,232,10,21,124,0.9169960474308301,0.9586776859504132,0.9373737373737375,0.9198966408268734,d
0.6500000000000001,230,12,21,124,0.9163346613545816,0.9504132231404959,0.9330628803245437,0.9147286821705426,d
0.7000000000000002,228,14,18,127,0.926829268292683,0.9421487603305785,0.9344262295081968,0.917312661498708,d
0.7500000000000002,227,15,15,130,0.9380165289256198,0.9380165289256198,0.9380165289256198,0.9224806201550387,d
0.8000000000000002,223,19,9,136,0.9612068965517241,0.9214876033057852,0.9409282700421941,0.9276485788113695,d
0.8500000000000002,221,21,6,139,0.973568281938326,0.9132231404958677,0.9424307036247335,0.9302325581395349,d
0.9000000000000002,216,26,2,143,0.9908256880733946,0.8925619834710744,0.9391304347826087,0.9276485788113695,d
0.9500000000000003,181,61,0,145,1.0,0.7479338842975206,0.8557919621749408,0.8423772609819121,d
0.1,236,1,72,159,0.7662337662337663,0.9957805907172996,0.8660550458715598,0.844017094017094,e
0.15000000000000002,234,3,70,161,0.7697368421052632,0.9873417721518988,0.8650646950092421,0.844017094017094,e
0.20000000000000004,234,3,66,165,0.78,0.9873417721518988,0.8715083798882681,0.8525641025641025,e
0.25000000000000006,234,3,63,168,0.7878787878787878,0.9873417721518988,0.8764044943820224,0.8589743589743589,e
0.30000000000000004,234,3,62,169,0.7905405405405406,0.9873417721518988,0.8780487804878049,0.8611111111111112,e
0.3500000000000001,234,3,59,172,0.7986348122866894,0.9873417721518988,0.8830188679245283,0.8675213675213675,e
0.40000000000000013,233,4,57,174,0.803448275862069,0.9831223628691983,0.8842504743833017,0.8696581196581197,e
0.45000000000000007,233,4,55,176,0.8090277777777778,0.9831223628691983,0.8876190476190475,0.8739316239316239,e
0.5000000000000001,233,4,53,178,0.8146853146853147,0.9831223628691983,0.8910133843212236,0.8782051282051282,e
0.5500000000000002,231,6,51,180,0.8191489361702128,0.9746835443037974,0.8901734104046243,0.8782051282051282,e
0.6000000000000002,230,7,48,183,0.8273381294964028,0.9704641350210971,0.8932038834951457,0.8824786324786325,e
0.6500000000000001,229,8,46,185,0.8327272727272728,0.9662447257383966,0.89453125,0.8846153846153846,e
0.7000000000000002,228,9,41,190,0.8475836431226765,0.9620253164556962,0.9011857707509882,0.8931623931623932,e
0.7500000000000002,228,9,38,193,0.8571428571428571,0.9620253164556962,0.9065606361829026,0.8995726495726496,e
0.8000000000000002,228,9,31,200,0.8803088803088803,0.9620253164556962,0.9193548387096775,0.9145299145299145,e
0.8500000000000002,226,11,17,214,0.9300411522633745,0.9535864978902954,0.9416666666666668,0.9401709401709402,e
0.9000000000000002,218,19,3,228,0.9864253393665159,0.919831223628692,0.9519650655021834,0.9529914529914529,e
0.9500000000000003,174,63,0,231,1.0,0.7341772151898734,0.8467153284671534,0.8653846153846154,e
0.1,88,0,7,35,0.9263157894736842,1.0,0.9617486338797814,0.9461538461538461,f
0.15000000000000002,88,0,7,35,0.9263157894736842,1.0,0.9617486338797814,0.9461538461538461,f
0.20000000000000004,88,0,7,35,0.9263157894736842,1.0,0.9617486338797814,0.9461538461538461,f
0.25000000000000006,88,0,7,35,0.9263157894736842,1.0,0.9617486338797814,0.9461538461538461,f
0.30000000000000004,88,0,5,37,0.946236559139785,1.0,0.9723756906077349,0.9615384615384616,f
0.3500000000000001,88,0,4,38,0.9565217391304348,1.0,0.9777777777777777,0.9692307692307692,f
0.40000000000000013,88,0,4,38,0.9565217391304348,1.0,0.9777777777777777,0.9692307692307692,f
0.45000000000000007,88,0,3,39,0.967032967032967,1.0,0.9832402234636871,0.9769230769230769,f
0.5000000000000001,88,0,1,41,0.9887640449438202,1.0,0.9943502824858756,0.9923076923076923,f
0.5500000000000002,88,0,0,42,1.0,1.0,1.0,1.0,f
0.6000000000000002,87,1,0,42,1.0,0.9886363636363636,0.9942857142857142,0.9923076923076923,f
0.6500000000000001,87,1,0,42,1.0,0.9886363636363636,0.9942857142857142,0.9923076923076923,f
0.7000000000000002,85,3,0,42,1.0,0.9659090909090909,0.9826589595375723,0.9769230769230769,f
0.7500000000000002,84,4,0,42,1.0,0.9545454545454546,0.9767441860465117,0.9692307692307692,f
0.8000000000000002,83,5,0,42,1.0,0.9431818181818182,0.9707602339181286,0.9615384615384616,f
0.8500000000000002,83,5,0,42,1.0,0.9431818181818182,0.9707602339181286,0.9615384615384616,f
0.9000000000000002,70,18,0,42,1.0,0.7954545454545454,0.8860759493670886,0.8615384615384616,f
0.9500000000000003,32,56,0,42,1.0,0.36363636363636365,0.5333333333333333,0.5692307692307692,f
0.1,87,3,19,54,0.8207547169811321,0.9666666666666667,0.8877551020408163,0.8650306748466258,g
0.15000000000000002,87,3,19,54,0.8207547169811321,0.9666666666666667,0.8877551020408163,0.8650306748466258,g
0.20000000000000004,87,3,19,54,0.8207547169811321,0.9666666666666667,0.8877551020408163,0.8650306748466258,g
0.25000000000000006,86,4,18,55,0.8269230769230769,0.9555555555555556,0.88659793814433,0.8650306748466258,g
0.30000000000000004,86,4,17,56,0.8349514563106796,0.9555555555555556,0.8911917098445595,0.8711656441717791,g
0.3500000000000001,86,4,16,57,0.8431372549019608,0.9555555555555556,0.8958333333333333,0.8773006134969326,g
0.40000000000000013,86,4,16,57,0.8431372549019608,0.9555555555555556,0.8958333333333333,0.8773006134969326,g
0.45000000000000007,86,4,16,57,0.8431372549019608,0.9555555555555556,0.8958333333333333,0.8773006134969326,g
0.5000000000000001,83,7,16,57,0.8383838383838383,0.9222222222222223,0.8783068783068783,0.8588957055214724,g
0.5500000000000002,83,7,15,58,0.8469387755102041,0.9222222222222223,0.8829787234042554,0.8650306748466258,g
0.6000000000000002,82,8,13,60,0.8631578947368421,0.9111111111111111,0.8864864864864865,0.8711656441717791,g
0.6500000000000001,82,8,12,61,0.8723404255319149,0.9111111111111111,0.891304347826087,0.8773006134969326,g
0.7000000000000002,82,8,9,64,0.9010989010989011,0.9111111111111111,0.9060773480662984,0.8957055214723927,g
0.7500000000000002,81,9,5,68,0.9418604651162791,0.9,0.9204545454545455,0.9141104294478528,g
0.8000000000000002,74,16,3,70,0.961038961038961,0.8222222222222222,0.8862275449101796,0.8834355828220859,g
0.8500000000000002,63,27,0,73,1.0,0.7,0.8235294117647058,0.8343558282208589,g
0.9000000000000002,43,47,0,73,1.0,0.4777777777777778,0.6466165413533834,0.7116564417177914,g
0.9500000000000003,19,71,0,73,1.0,0.2111111111111111,0.3486238532110092,0.5644171779141104,g
0.1,78,0,24,44,0.7647058823529411,1.0,0.8666666666666666,0.8356164383561644,h
0.15000000000000002,78,0,23,45,0.7722772277227723,1.0,0.8715083798882681,0.8424657534246576,h
0.20000000000000004,78,0,18,50,0.8125,1.0,0.896551724137931,0.8767123287671232,h
0.25000000000000006,78,0,15,53,0.8387096774193549,1.0,0.9122807017543859,0.8972602739726028,h
0.30000000000000004,78,0,15,53,0.8387096774193549,1.0,0.9122807017543859,0.8972602739726028,h
0.3500000000000001,78,0,14,54,0.8478260869565217,1.0,0.9176470588235294,0.9041095890410958,h
0.40000000000000013,78,0,13,55,0.8571428571428571,1.0,0.923076923076923,0.910958904109589,h
0.45000000000000007,78,0,12,56,0.8666666666666667,1.0,0.9285714285714286,0.9178082191780822,h
0.5000000000000001,78,0,12,56,0.8666666666666667,1.0,0.9285714285714286,0.9178082191780822,h
0.5500000000000002,76,2,12,56,0.8636363636363636,0.9743589743589743,0.9156626506024097,0.9041095890410958,h
0.6000000000000002,76,2,12,56,0.8636363636363636,0.9743589743589743,0.9156626506024097,0.9041095890410958,h
0.6500000000000001,75,3,7,61,0.9146341463414634,0.9615384615384616,0.9375000000000001,0.9315068493150684,h
0.7000000000000002,74,4,6,62,0.925,0.9487179487179487,0.9367088607594937,0.9315068493150684,h
0.7500000000000002,74,4,4,64,0.9487179487179487,0.9487179487179487,0.9487179487179487,0.9452054794520548,h
0.8000000000000002,71,7,3,65,0.9594594594594594,0.9102564102564102,0.9342105263157894,0.9315068493150684,h
0.8500000000000002,68,10,3,65,0.9577464788732394,0.8717948717948718,0.9127516778523489,0.910958904109589,h
0.9000000000000002,64,14,0,68,1.0,0.8205128205128205,0.9014084507042254,0.9041095890410958,h
0.9500000000000003,35,43,0,68,1.0,0.44871794871794873,0.6194690265486726,0.7054794520547946,h
0.1,91,0,0,110,1.0,1.0,1.0,1.0,i
0.15000000000000002,91,0,0,110,1.0,1.0,1.0,1.0,i
0.20000000000000004,91,0,0,110,1.0,1.0,1.0,1.0,i
0.25000000000000006,91,0,0,110,1.0,1.0,1.0,1.0,i
0.30000000000000004,91,0,0,110,1.0,1.0,1.0,1.0,i
0.3500000000000001,91,0,0,110,1.0,1.0,1.0,1.0,i
0.40000000000000013,91,0,0,110,1.0,1.0,1.0,1.0,i
0.45000000000000007,91,0,0,110,1.0,1.0,1.0,1.0,i
0.5000000000000001,91,0,0,110,1.0,1.0,1.0,1.0,i
0.5500000000000002,91,0,0,110,1.0,1.0,1.0,1.0,i
0.6000000000000002,90,1,0,110,1.0,0.989010989010989,0.994475138121547,0.9950248756218906,i
0.6500000000000001,90,1,0,110,1.0,0.989010989010989,0.994475138121547,0.9950248756218906,i
0.7000000000000002,90,1,0,110,1.0,0.989010989010989,0.994475138121547,0.9950248756218906,i
0.7500000000000002,90,1,0,110,1.0,0.989010989010989,0.994475138121547,0.9950248756218906,i
0.8000000000000002,90,1,0,110,1.0,0.989010989010989,0.994475138121547,0.9950248756218906,i
0.8500000000000002,88,3,0,110,1.0,0.967032967032967,0.9832402234636871,0.9850746268656716,i
0.9000000000000002,79,12,0,110,1.0,0.8681318681318682,0.9294117647058824,0.9402985074626866,i
0.9500000000000003,41,50,0,110,1.0,0.45054945054945056,0.6212121212121212,0.7512437810945274,i
0.1,241,3,20,226,0.9233716475095786,0.9877049180327869,0.9544554455445545,0.9530612244897959,k
0.15000000000000002,241,3,16,230,0.9377431906614786,0.9877049180327869,0.9620758483033933,0.9612244897959183,k
0.20000000000000004,241,3,16,230,0.9377431906614786,0.9877049180327869,0.9620758483033933,0.9612244897959183,k
0.25000000000000006,241,3,16,230,0.9377431906614786,0.9877049180327869,0.9620758483033933,0.9612244897959183,k
0.30000000000000004,241,3,16,230,0.9377431906614786,0.9877049180327869,0.9620758483033933,0.9612244897959183,k
0.3500000000000001,241,3,15,231,0.94140625,0.9877049180327869,0.964,0.963265306122449,k
0.40000000000000013,240,4,15,231,0.9411764705882353,0.9836065573770492,0.9619238476953909,0.9612244897959183,k
0.45000000000000007,240,4,14,232,0.9448818897637795,0.9836065573770492,0.9638554216867471,0.963265306122449,k
0.5000000000000001,240,4,13,233,0.9486166007905138,0.9836065573770492,0.9657947686116699,0.9653061224489796,k
0.5500000000000002,239,5,12,234,0.952191235059761,0.9795081967213115,0.9656565656565657,0.9653061224489796,k
0.6000000000000002,239,5,8,238,0.9676113360323887,0.9795081967213115,0.9735234215885948,0.9734693877551021,k
0.6500000000000001,239,5,4,242,0.9835390946502057,0.9795081967213115,0.9815195071868583,0.9816326530612245,k
0.7000000000000002,238,6,4,242,0.9834710743801653,0.9754098360655737,0.9794238683127573,0.9795918367346939,k
0.7500000000000002,237,7,3,243,0.9875,0.9713114754098361,0.9793388429752066,0.9795918367346939,k
0.8000000000000002,235,9,2,244,0.9915611814345991,0.9631147540983607,0.9771309771309771,0.9775510204081632,k
0.8500000000000002,231,13,2,244,0.9914163090128756,0.9467213114754098,0.968553459119497,0.9693877551020408,k
0.9000000000000002,226,18,2,244,0.9912280701754386,0.9262295081967213,0.9576271186440678,0.9591836734693877,k
0.9500000000000003,214,30,2,244,0.9907407407407407,0.8770491803278688,0.9304347826086956,0.9346938775510204,k
0.1,122,1,46,45,0.7261904761904762,0.991869918699187,0.838487972508591,0.780373831775701,l
0.15000000000000002,122,1,42,49,0.7439024390243902,0.991869918699187,0.8501742160278745,0.7990654205607477,l
0.20000000000000004,122,1,37,54,0.7672955974842768,0.991869918699187,0.8652482269503546,0.822429906542056,l
0.25000000000000006,122,1,29,62,0.8079470198675497,0.991869918699187,0.8905109489051094,0.8598130841121495,l
0.30000000000000004,122,1,19,72,0.8652482269503546,0.991869918699187,0.9242424242424242,0.9065420560747663,l
0.3500000000000001,122,1,4,87,0.9682539682539683,0.991869918699187,0.9799196787148594,0.9766355140186916,l
0.40000000000000013,121,2,2,89,0.983739837398374,0.983739837398374,0.983739837398374,0.9813084112149533,l
0.45000000000000007,121,2,2,89,0.983739837398374,0.983739837398374,0.983739837398374,0.9813084112149533,l
0.5000000000000001,121,2,2,89,0.983739837398374,0.983739837398374,0.983739837398374,0.9813084112149533,l
0.5500000000000002,121,2,2,89,0.983739837398374,0.983739837398374,0.983739837398374,0.9813084112149533,l
0.6000000000000002,121,2,2,89,0.983739837398374,0.983739837398374,0.983739837398374,0.9813084112149533,l
0.6500000000000001,120,3,2,89,0.9836065573770492,0.975609756097561,0.9795918367346939,0.9766355140186916,l
0.7000000000000002,120,3,1,90,0.9917355371900827,0.975609756097561,0.9836065573770492,0.9813084112149533,l
0.7500000000000002,120,3,1,90,0.9917355371900827,0.975609756097561,0.9836065573770492,0.9813084112149533,l
0.8000000000000002,120,3,1,90,0.9917355371900827,0.975609756097561,0.9836065573770492,0.9813084112149533,l
0.8500000000000002,116,7,1,90,0.9914529914529915,0.943089430894309,0.9666666666666667,0.9626168224299065,l
0.9000000000000002,112,11,1,90,0.9911504424778761,0.9105691056910569,0.9491525423728814,0.9439252336448598,l
0.9500000000000003,74,49,1,90,0.9866666666666667,0.6016260162601627,0.7474747474747475,0.7663551401869159,l
0.1,97,0,9,119,0.9150943396226415,1.0,0.9556650246305419,0.96,m
0.15000000000000002,97,0,7,121,0.9326923076923077,1.0,0.9651741293532339,0.9688888888888889,m
0.20000000000000004,97,0,6,122,0.941747572815534,1.0,0.97,0.9733333333333334,m
0.25000000000000006,97,0,6,122,0.941747572815534,1.0,0.97,0.9733333333333334,m
0.30000000000000004,97,0,4,124,0.9603960396039604,1.0,0.9797979797979798,0.9822222222222222,m
0.3500000000000001,97,0,4,124,0.9603960396039604,1.0,0.9797979797979798,0.9822222222222222,m
0.40000000000000013,97,0,4,124,0.9603960396039604,1.0,0.9797979797979798,0.9822222222222222,m
0.45000000000000007,97,0,4,124,0.9603960396039604,1.0,0.9797979797979798,0.9822222222222222,m
0.5000000000000001,97,0,3,125,0.97,1.0,0.9847715736040609,0.9866666666666667,m
0.5500000000000002,97,0,3,125,0.97,1.0,0.9847715736040609,0.9866666666666667,m
0.6000000000000002,97,0,1,127,0.9897959183673469,1.0,0.9948717948717948,0.9955555555555555,m
0.6500000000000001,97,0,0,128,1.0,1.0,1.0,1.0,m
0.7000000000000002,96,1,0,128,1.0,0.9896907216494846,0.9948186528497409,0.9955555555555555,m
0.7500000000000002,96,1,0,128,1.0,0.9896907216494846,0.9948186528497409,0.9955555555555555,m
0.8000000000000002,94,3,0,128,1.0,0.9690721649484536,0.9842931937172774,0.9866666666666667,m
0.8500000000000002,90,7,0,128,1.0,0.9278350515463918,0.9625668449197862,0.9688888888888889,m
0.9000000000000002,77,20,0,128,1.0,0.7938144329896907,0.8850574712643678,0.9111111111111111,m
0.9500000000000003,48,49,0,128,1.0,0.4948453608247423,0.6620689655172414,0.7822222222222223,m
0.1,105,0,0,99,1.0,1.0,1.0,1.0,n
0.15000000000000002,105,0,0,99,1.0,1.0,1.0,1.0,n
0.20000000000000004,105,0,0,99,1.0,1.0,1.0,1.0,n
0.25000000000000006,105,0,0,99,1.0,1.0,1.0,1.0,n
0.30000000000000004,105,0,0,99,1.0,1.0,1.0,1.0,n
0.3500000000000001,105,0,0,99,1.0,1.0,1.0,1.0,n
0.40000000000000013,105,0,0,99,1.0,1.0,1.0,1.0,n
0.45000000000000007,105,0,0,99,1.0,1.0,1.0,1.0,n
0.5000000000000001,105,0,0,99,1.0,1.0,1.0,1.0,n
0.5500000000000002,104,1,0,99,1.0,0.9904761904761905,0.9952153110047847,0.9950980392156863,n
0.6000000000000002,104,1,0,99,1.0,0.9904761904761905,0.9952153110047847,0.9950980392156863,n
0.6500000000000001,100,5,0,99,1.0,0.9523809523809523,0.975609756097561,0.9754901960784313,n
0.7000000000000002,100,5,0,99,1.0,0.9523809523809523,0.975609756097561,0.9754901960784313,n
0.7500000000000002,100,5,0,99,1.0,0.9523809523809523,0.975609756097561,0.9754901960784313,n
0.8000000000000002,95,10,0,99,1.0,0.9047619047619048,0.9500000000000001,0.9509803921568627,n
0.8500000000000002,92,13,0,99,1.0,0.8761904761904762,0.934010152284264,0.9362745098039216,n
0.9000000000000002,91,14,0,99,1.0,0.8666666666666667,0.9285714285714286,0.9313725490196079,n
0.9500000000000003,67,38,0,99,1.0,0.638095238095238,0.7790697674418604,0.8137254901960784,n
0.1,89,1,2,110,0.978021978021978,0.9888888888888889,0.9834254143646408,0.9851485148514851,o
0.15000000000000002,89,1,2,110,0.978021978021978,0.9888888888888889,0.9834254143646408,0.9851485148514851,o
0.20000000000000004,89,1,2,110,0.978021978021978,0.9888888888888889,0.9834254143646408,0.9851485148514851,o
0.25000000000000006,89,1,2,110,0.978021978021978,0.9888888888888889,0.9834254143646408,0.9851485148514851,o
0.30000000000000004,89,1,2,110,0.978021978021978,0.9888888888888889,0.9834254143646408,0.9851485148514851,o
0.3500000000000001,89,1,2,110,0.978021978021978,0.9888888888888889,0.9834254143646408,0.9851485148514851,o
0.40000000000000013,89,1,2,110,0.978021978021978,0.9888888888888889,0.9834254143646408,0.9851485148514851,o
0.45000000000000007,88,2,2,110,0.9777777777777777,0.9777777777777777,0.9777777777777777,0.9801980198019802,o
0.5000000000000001,88,2,2,110,0.9777777777777777,0.9777777777777777,0.9777777777777777,0.9801980198019802,o
0.5500000000000002,87,3,1,111,0.9886363636363636,0.9666666666666667,0.9775280898876404,0.9801980198019802,o
0.6000000000000002,87,3,1,111,0.9886363636363636,0.9666666666666667,0.9775280898876404,0.9801980198019802,o
0.6500000000000001,87,3,0,112,1.0,0.9666666666666667,0.983050847457627,0.9851485148514851,o
0.7000000000000002,86,4,0,112,1.0,0.9555555555555556,0.9772727272727273,0.9801980198019802,o
0.7500000000000002,85,5,0,112,1.0,0.9444444444444444,0.9714285714285714,0.9752475247524752,o
0.8000000000000002,77,13,0,112,1.0,0.8555555555555555,0.9221556886227544,0.9356435643564357,o
0.8500000000000002,71,19,0,112,1.0,0.7888888888888889,0.8819875776397516,0.905940594059406,o
0.9000000000000002,61,29,0,112,1.0,0.6777777777777778,0.8079470198675497,0.8564356435643564,o
0.9500000000000003,40,50,0,112,1.0,0.4444444444444444,0.6153846153846153,0.7524752475247525,o
0.1,298,3,110,71,0.7303921568627451,0.9900332225913622,0.840620592383639,0.7655601659751037,p
0.15000000000000002,298,3,110,71,0.7303921568627451,0.9900332225913622,0.840620592383639,0.7655601659751037,p
0.20000000000000004,298,3,110,71,0.7303921568627451,0.9900332225913622,0.840620592383639,0.7655601659751037,p
0.25000000000000006,298,3,110,71,0.7303921568627451,0.9900332225913622,0.840620592383639,0.7655601659751037,p
0.30000000000000004,298,3,110,71,0.7303921568627451,0.9900332225913622,0.840620592383639,0.7655601659751037,p
0.3500000000000001,297,4,109,72,0.7315270935960592,0.9867109634551495,0.8401697312588402,0.7655601659751037,p
0.40000000000000013,297,4,107,74,0.7351485148514851,0.9867109634551495,0.8425531914893617,0.7697095435684648,p
0.45000000000000007,295,6,104,77,0.7393483709273183,0.9800664451827242,0.8428571428571427,0.7717842323651453,p
0.5000000000000001,295,6,99,82,0.748730964467005,0.9800664451827242,0.8489208633093525,0.7821576763485477,p
0.5500000000000002,295,6,99,82,0.748730964467005,0.9800664451827242,0.8489208633093525,0.7821576763485477,p
0.6000000000000002,294,7,98,83,0.75,0.9767441860465116,0.8484848484848485,0.7821576763485477,p
0.6500000000000001,293,8,93,88,0.7590673575129534,0.973421926910299,0.8529839883551674,0.7904564315352697,p
0.7000000000000002,292,9,90,91,0.7643979057591623,0.9700996677740864,0.855051244509517,0.7946058091286307,p
0.7500000000000002,290,11,85,96,0.7733333333333333,0.9634551495016611,0.8579881656804733,0.8008298755186722,p
0.8000000000000002,288,13,82,99,0.7783783783783784,0.9568106312292359,0.8584202682563339,0.8029045643153527,p
0.8500000000000002,285,16,72,109,0.7983193277310925,0.946843853820598,0.8662613981762919,0.8174273858921162,p
0.9000000000000002,279,22,25,156,0.9177631578947368,0.9269102990033222,0.9223140495867768,0.9024896265560166,p
0.9500000000000003,243,58,12,169,0.9529411764705882,0.8073089700996677,0.8741007194244604,0.8547717842323651,p
0.1,90,0,23,34,0.7964601769911505,1.0,0.8866995073891626,0.8435374149659864,q
0.15000000000000002,90,0,23,34,0.7964601769911505,1.0,0.8866995073891626,0.8435374149659864,q
0.20000000000000004,90,0,23,34,0.7964601769911505,1.0,0.8866995073891626,0.8435374149659864,q
0.25000000000000006,90,0,23,34,0.7964601769911505,1.0,0.8866995073891626,0.8435374149659864,q
0.30000000000000004,90,0,23,34,0.7964601769911505,1.0,0.8866995073891626,0.8435374149659864,q
0.3500000000000001,90,0,23,34,0.7964601769911505,1.0,0.8866995073891626,0.8435374149659864,q
0.40000000000000013,90,0,22,35,0.8035714285714286,1.0,0.8910891089108911,0.8503401360544217,q
0.45000000000000007,90,0,21,36,0.8108108108108109,1.0,0.8955223880597014,0.8571428571428571,q
0.5000000000000001,90,0,18,39,0.8333333333333334,1.0,0.9090909090909091,0.8775510204081632,q
0.5500000000000002,90,0,17,40,0.8411214953271028,1.0,0.9137055837563453,0.8843537414965986,q
0.6000000000000002,90,0,15,42,0.8571428571428571,1.0,0.923076923076923,0.8979591836734694,q
0.6500000000000001,89,1,13,44,0.8725490196078431,0.9888888888888889,0.9270833333333334,0.9047619047619048,q
0.7000000000000002,89,1,10,47,0.898989898989899,0.9888888888888889,0.9417989417989419,0.9251700680272109,q
0.7500000000000002,87,3,9,48,0.90625,0.9666666666666667,0.9354838709677419,0.9183673469387755,q
0.8000000000000002,85,5,9,48,0.9042553191489362,0.9444444444444444,0.9239130434782609,0.9047619047619048,q
0.8500000000000002,81,9,5,52,0.9418604651162791,0.9,0.9204545454545455,0.9047619047619048,q
0.9000000000000002,70,20,2,55,0.9722222222222222,0.7777777777777778,0.8641975308641976,0.8503401360544217,q
0.9500000000000003,32,58,0,57,1.0,0.35555555555555557,0.5245901639344263,0.6054421768707483,q
0.1,165,2,20,130,0.8918918918918919,0.9880239520958084,0.9375,0.9305993690851735,r
0.15000000000000002,165,2,14,136,0.9217877094972067,0.9880239520958084,0.953757225433526,0.9495268138801262,r
0.20000000000000004,165,2,14,136,0.9217877094972067,0.9880239520958084,0.953757225433526,0.9495268138801262,r
0.25000000000000006,165,2,8,142,0.953757225433526,0.9880239520958084,0.9705882352941175,0.9684542586750788,r
0.30000000000000004,165,2,7,143,0.9593023255813954,0.9880239520958084,0.9734513274336284,0.9716088328075709,r
0.3500000000000001,165,2,4,146,0.9763313609467456,0.9880239520958084,0.9821428571428571,0.9810725552050473,r
0.40000000000000013,165,2,3,147,0.9821428571428571,0.9880239520958084,0.9850746268656716,0.9842271293375394,r
0.45000000000000007,165,2,0,150,1.0,0.9880239520958084,0.9939759036144578,0.9936908517350158,r
0.5000000000000001,163,4,0,150,1.0,0.9760479041916168,0.9878787878787879,0.9873817034700315,r
0.5500000000000002,162,5,0,150,1.0,0.9700598802395209,0.9848024316109423,0.9842271293375394,r
0.6000000000000002,160,7,0,150,1.0,0.9580838323353293,0.9785932721712538,0.9779179810725552,r
0.6500000000000001,159,8,0,150,1.0,0.9520958083832335,0.9754601226993864,0.9747634069400631,r
0.7000000000000002,159,8,0,150,1.0,0.9520958083832335,0.9754601226993864,0.9747634069400631,r
0.7500000000000002,157,10,0,150,1.0,0.9401197604790419,0.9691358024691358,0.9684542586750788,r
0.8000000000000002,154,13,0,150,1.0,0.9221556886227545,0.9595015576323989,0.9589905362776026,r
0.8500000000000002,145,22,0,150,1.0,0.8682634730538922,0.9294871794871794,0.9305993690851735,r
0.9000000000000002,126,41,0,150,1.0,0.7544910179640718,0.8600682593856654,0.8706624605678234,r
0.9500000000000003,59,108,0,150,1.0,0.3532934131736527,0.5221238938053098,0.6593059936908517,r
0.1,109,0,7,72,0.9396551724137931,1.0,0.9688888888888889,0.9627659574468085,s
0.15000000000000002,109,0,7,72,0.9396551724137931,1.0,0.9688888888888889,0.9627659574468085,s
0.20000000000000004,109,0,7,72,0.9396551724137931,1.0,0.9688888888888889,0.9627659574468085,s
0.25000000000000006,109,0,7,72,0.9396551724137931,1.0,0.9688888888888889,0.9627659574468085,s
0.30000000000000004,109,0,6,73,0.9478260869565217,1.0,0.9732142857142857,0.9680851063829787,s
0.3500000000000001,108,1,6,73,0.9473684210526315,0.9908256880733946,0.9686098654708519,0.9627659574468085,s
0.40000000000000013,107,2,5,74,0.9553571428571429,0.981651376146789,0.9683257918552036,0.9627659574468085,s
0.45000000000000007,107,2,5,74,0.9553571428571429,0.981651376146789,0.9683257918552036,0.9627659574468085,s
0.5000000000000001,107,2,4,75,0.963963963963964,0.981651376146789,0.9727272727272728,0.9680851063829787,s
0.5500000000000002,107,2,4,75,0.963963963963964,0.981651376146789,0.9727272727272728,0.9680851063829787,s
0.6000000000000002,107,2,4,75,0.963963963963964,0.981651376146789,0.9727272727272728,0.9680851063829787,s
0.6500000000000001,107,2,3,76,0.9727272727272728,0.981651376146789,0.9771689497716896,0.973404255319149,s
0.7000000000000002,107,2,1,78,0.9907407407407407,0.981651376146789,0.9861751152073732,0.9840425531914894,s
0.7500000000000002,106,3,0,79,1.0,0.9724770642201835,0.986046511627907,0.9840425531914894,s
0.8000000000000002,103,6,0,79,1.0,0.944954128440367,0.9716981132075472,0.9680851063829787,s
0.8500000000000002,101,8,0,79,1.0,0.926605504587156,0.9619047619047619,0.9574468085106383,s
0.9000000000000002,100,9,0,79,1.0,0.9174311926605505,0.9569377990430622,0.9521276595744681,s
0.9500000000000003,65,44,0,79,1.0,0.5963302752293578,0.7471264367816092,0.7659574468085106,s
0.1,322,0,0,221,1.0,1.0,1.0,1.0,t
0.15000000000000002,321,1,0,221,1.0,0.9968944099378882,0.9984447900466563,0.998158379373849,t
0.20000000000000004,321,1,0,221,1.0,0.9968944099378882,0.9984447900466563,0.998158379373849,t
0.25000000000000006,321,1,0,221,1.0,0.9968944099378882,0.9984447900466563,0.998158379373849,t
0.30000000000000004,321,1,0,221,1.0,0.9968944099378882,0.9984447900466563,0.998158379373849,t
0.3500000000000001,321,1,0,221,1.0,0.9968944099378882,0.9984447900466563,0.998158379373849,t
0.40000000000000013,321,1,0,221,1.0,0.9968944099378882,0.9984447900466563,0.998158379373849,t
0.45000000000000007,321,1,0,221,1.0,0.9968944099378882,0.9984447900466563,0.998158379373849,t
0.5000000000000001,320,2,0,221,1.0,0.9937888198757764,0.9968847352024921,0.996316758747698,t
0.5500000000000002,320,2,0,221,1.0,0.9937888198757764,0.9968847352024921,0.996316758747698,t
0.6000000000000002,320,2,0,221,1.0,0.9937888198757764,0.9968847352024921,0.996316758747698,t
0.6500000000000001,319,3,0,221,1.0,0.9906832298136646,0.9953198127925117,0.994475138121547,t
0.7000000000000002,316,6,0,221,1.0,0.9813664596273292,0.9905956112852665,0.988950276243094,t
0.7500000000000002,312,10,0,221,1.0,0.968944099378882,0.9842271293375394,0.9815837937384899,t
0.8000000000000002,307,15,0,221,1.0,0.953416149068323,0.9761526232114468,0.9723756906077348,t
0.8500000000000002,301,21,0,221,1.0,0.9347826086956522,0.9662921348314606,0.9613259668508287,t
0.9000000000000002,281,41,0,221,1.0,0.8726708074534162,0.9320066334991708,0.9244935543278084,t
0.9500000000000003,210,112,0,221,1.0,0.6521739130434783,0.7894736842105263,0.7937384898710865,t
0.1,262,1,20,244,0.9290780141843972,0.9961977186311787,0.9614678899082568,0.9601518026565465,u
0.15000000000000002,262,1,19,245,0.9323843416370107,0.9961977186311787,0.9632352941176471,0.9620493358633776,u
0.20000000000000004,262,1,14,250,0.9492753623188406,0.9961977186311787,0.9721706864564006,0.9715370018975332,u
0.25000000000000006,261,2,12,252,0.9560439560439561,0.9923954372623575,0.9738805970149254,0.9734345351043643,u
0.30000000000000004,260,3,11,253,0.959409594095941,0.9885931558935361,0.9737827715355806,0.9734345351043643,u
0.3500000000000001,259,4,9,255,0.9664179104477612,0.9847908745247148,0.975517890772128,0.9753320683111955,u
0.40000000000000013,259,4,1,263,0.9961538461538462,0.9847908745247148,0.9904397705544934,0.9905123339658444,u
0.45000000000000007,259,4,1,263,0.9961538461538462,0.9847908745247148,0.9904397705544934,0.9905123339658444,u
0.5000000000000001,259,4,0,264,1.0,0.9847908745247148,0.9923371647509579,0.9924098671726755,u
0.5500000000000002,259,4,0,264,1.0,0.9847908745247148,0.9923371647509579,0.9924098671726755,u
0.6000000000000002,255,8,0,264,1.0,0.9695817490494296,0.9845559845559846,0.9848197343453511,u
0.6500000000000001,254,9,0,264,1.0,0.9657794676806084,0.9825918762088975,0.9829222011385199,u
0.7000000000000002,254,9,0,264,1.0,0.9657794676806084,0.9825918762088975,0.9829222011385199,u
0.7500000000000002,250,13,0,264,1.0,0.9505703422053232,0.9746588693957116,0.9753320683111955,u
0.8000000000000002,244,19,0,264,1.0,0.9277566539923955,0.9625246548323472,0.9639468690702088,u
0.8500000000000002,240,23,0,264,1.0,0.9125475285171103,0.9542743538767395,0.9563567362428842,u
0.9000000000000002,217,46,0,264,1.0,0.8250950570342205,0.9041666666666666,0.9127134724857685,u
0.9500000000000003,146,117,0,264,1.0,0.5551330798479087,0.7139364303178484,0.777988614800759,u
0.1,271,0,4,254,0.9854545454545455,1.0,0.9926739926739927,0.9924385633270322,v
0.15000000000000002,271,0,4,254,0.9854545454545455,1.0,0.9926739926739927,0.9924385633270322,v
0.20000000000000004,270,1,2,256,0.9926470588235294,0.996309963099631,0.9944751381215471,0.994328922495274,v
0.25000000000000006,270,1,2,256,0.9926470588235294,0.996309963099631,0.9944751381215471,0.994328922495274,v
0.30000000000000004,270,1,2,256,0.9926470588235294,0.996309963099631,0.9944751381215471,0.994328922495274,v
0.3500000000000001,270,1,2,256,0.9926470588235294,0.996309963099631,0.9944751381215471,0.994328922495274,v
0.40000000000000013,270,1,2,256,0.9926470588235294,0.996309963099631,0.9944751381215471,0.994328922495274,v
0.45000000000000007,270,1,2,256,0.9926470588235294,0.996309963099631,0.9944751381215471,0.994328922495274,v
0.5000000000000001,270,1,1,257,0.996309963099631,0.996309963099631,0.996309963099631,0.996219281663516,v
0.5500000000000002,270,1,0,258,1.0,0.996309963099631,0.9981515711645101,0.998109640831758,v
0.6000000000000002,270,1,0,258,1.0,0.996309963099631,0.9981515711645101,0.998109640831758,v
0.6500000000000001,268,3,0,258,1.0,0.988929889298893,0.9944341372912803,0.994328922495274,v
0.7000000000000002,263,8,0,258,1.0,0.9704797047970479,0.9850187265917603,0.9848771266540642,v
0.7500000000000002,262,9,0,258,1.0,0.966789667896679,0.9831144465290806,0.9829867674858223,v
0.8000000000000002,260,11,0,258,1.0,0.959409594095941,0.9792843691148776,0.9792060491493384,v
0.8500000000000002,252,19,0,258,1.0,0.9298892988929889,0.9636711281070746,0.9640831758034026,v
0.9000000000000002,242,29,0,258,1.0,0.8929889298892989,0.9434697855750488,0.945179584120983,v
0.9500000000000003,211,60,0,258,1.0,0.7785977859778598,0.8755186721991702,0.8865784499054821,v
0.1,127,0,2,99,0.9844961240310077,1.0,0.9921875,0.9912280701754386,w
0.15000000000000002,127,0,2,99,0.9844961240310077,1.0,0.9921875,0.9912280701754386,w
0.20000000000000004,127,0,2,99,0.9844961240310077,1.0,0.9921875,0.9912280701754386,w
0.25000000000000006,127,0,1,100,0.9921875,1.0,0.996078431372549,0.9956140350877193,w
0.30000000000000004,127,0,1,100,0.9921875,1.0,0.996078431372549,0.9956140350877193,w
0.3500000000000001,127,0,1,100,0.9921875,1.0,0.996078431372549,0.9956140350877193,w
0.40000000000000013,127,0,1,100,0.9921875,1.0,0.996078431372549,0.9956140350877193,w
0.45000000000000007,127,0,1,100,0.9921875,1.0,0.996078431372549,0.9956140350877193,w
0.5000000000000001,127,0,1,100,0.9921875,1.0,0.996078431372549,0.9956140350877193,w
0.5500000000000002,127,0,1,100,0.9921875,1.0,0.996078431372549,0.9956140350877193,w
0.6000000000000002,127,0,1,100,0.9921875,1.0,0.996078431372549,0.9956140350877193,w
0.6500000000000001,127,0,1,100,0.9921875,1.0,0.996078431372549,0.9956140350877193,w
0.7000000000000002,127,0,0,101,1.0,1.0,1.0,1.0,w
0.7500000000000002,124,3,0,101,1.0,0.9763779527559056,0.9880478087649402,0.9868421052631579,w
0.8000000000000002,123,4,0,101,1.0,0.968503937007874,0.9839999999999999,0.9824561403508771,w
0.8500000000000002,119,8,0,101,1.0,0.937007874015748,0.9674796747967479,0.9649122807017544,w
0.9000000000000002,111,16,0,101,1.0,0.8740157480314961,0.9327731092436975,0.9298245614035088,w
0.9500000000000003,63,64,0,101,1.0,0.49606299212598426,0.6631578947368421,0.7192982456140351,w
0.1,290,0,124,122,0.7004830917874396,1.0,0.8238636363636364,0.7686567164179104,x
0.15000000000000002,290,0,122,124,0.7038834951456311,1.0,0.8262108262108263,0.7723880597014925,x
0.20000000000000004,290,0,119,127,0.7090464547677262,1.0,0.8297567954220315,0.7779850746268657,x
0.25000000000000006,290,0,118,128,0.7107843137254902,1.0,0.830945558739255,0.7798507462686567,x
0.30000000000000004,288,2,117,129,0.7111111111111111,0.993103448275862,0.8287769784172663,0.7779850746268657,x
0.3500000000000001,287,3,116,130,0.7121588089330024,0.9896551724137931,0.8282828282828284,0.7779850746268657,x
0.40000000000000013,287,3,116,130,0.7121588089330024,0.9896551724137931,0.8282828282828284,0.7779850746268657,x
0.45000000000000007,287,3,116,130,0.7121588089330024,0.9896551724137931,0.8282828282828284,0.7779850746268657,x
0.5000000000000001,285,5,113,133,0.7160804020100503,0.9827586206896551,0.8284883720930233,0.7798507462686567,x
0.5500000000000002,285,5,107,139,0.7270408163265306,0.9827586206896551,0.8357771260997068,0.7910447761194029,x
0.6000000000000002,285,5,98,148,0.7441253263707572,0.9827586206896551,0.8469539375928679,0.8078358208955224,x
0.6500000000000001,283,7,95,151,0.7486772486772487,0.9758620689655172,0.8473053892215568,0.8097014925373134,x
0.7000000000000002,283,7,88,158,0.7628032345013477,0.9758620689655172,0.8562783661119516,0.8227611940298507,x
0.7500000000000002,280,10,62,184,0.8187134502923976,0.9655172413793104,0.8860759493670887,0.8656716417910447,x
0.8000000000000002,277,13,32,214,0.8964401294498382,0.9551724137931035,0.9248747913188647,0.9160447761194029,x
0.8500000000000002,274,16,21,225,0.9288135593220339,0.9448275862068966,0.9367521367521368,0.9309701492537313,x
0.9000000000000002,264,26,3,243,0.9887640449438202,0.9103448275862069,0.947935368043088,0.9458955223880597,x
0.9500000000000003,227,63,0,246,1.0,0.7827586206896552,0.8781431334622825,0.8824626865671642,x
0.1,243,0,13,134,0.94921875,1.0,0.9739478957915831,0.9666666666666667,y
0.15000000000000002,243,0,13,134,0.94921875,1.0,0.9739478957915831,0.9666666666666667,y
0.20000000000000004,243,0,11,136,0.9566929133858267,1.0,0.9778672032193159,0.9717948717948718,y
0.25000000000000006,243,0,11,136,0.9566929133858267,1.0,0.9778672032193159,0.9717948717948718,y
0.30000000000000004,243,0,11,136,0.9566929133858267,1.0,0.9778672032193159,0.9717948717948718,y
0.3500000000000001,243,0,10,137,0.9604743083003953,1.0,0.9798387096774194,0.9743589743589743,y
0.40000000000000013,243,0,8,139,0.9681274900398407,1.0,0.9838056680161944,0.9794871794871794,y
0.45000000000000007,243,0,7,140,0.972,1.0,0.9858012170385395,0.982051282051282,y
0.5000000000000001,243,0,4,143,0.9838056680161943,1.0,0.9918367346938776,0.9897435897435898,y
0.5500000000000002,243,0,0,147,1.0,1.0,1.0,1.0,y
0.6000000000000002,243,0,0,147,1.0,1.0,1.0,1.0,y
0.6500000000000001,243,0,0,147,1.0,1.0,1.0,1.0,y
0.7000000000000002,243,0,0,147,1.0,1.0,1.0,1.0,y
0.7500000000000002,241,2,0,147,1.0,0.9917695473251029,0.9958677685950413,0.9948717948717949,y
0.8000000000000002,239,4,0,147,1.0,0.9835390946502057,0.9917012448132779,0.9897435897435898,y
0.8500000000000002,238,5,0,147,1.0,0.9794238683127572,0.9896049896049895,0.9871794871794872,y
0.9000000000000002,234,9,0,147,1.0,0.9629629629629629,0.9811320754716981,0.9769230769230769,y
0.9500000000000003,182,61,0,147,1.0,0.7489711934156379,0.8564705882352942,0.8435897435897436,y
